<updates>
    <update>
        <name>PHPExcel-Joomla-Library</name>
        <description>PHPExcel Library for Joomla! Do NOT UPGRADE if you are not sure you need this update. Please test
            before updating.
        </description>
        <element>phpexcel</element>
        <type>library</type>
        <client>site</client>
        <folder></folder>
        <version>1.8.0</version>
        <infourl title="PHPExcel for Joomla!">https://github.com/vdespa/PHPExcel-Joomla-Library</infourl>
        <downloads>
            <downloadurl type="full" format="zip">https://bitbucket.org/vdespa/phpexcel-joomla-library/downloads/PHPExcel-Joomla-Library-1.8.0.zip</downloadurl>
        </downloads>
        <maintainer>Valentin Despa</maintainer>
        <maintainerurl>http://www.vdespa.de</maintainerurl>
        <targetplatform name="joomla" version="2.5"/>
    </update>
    <update>
        <name>PHPExcel-Joomla-Library</name>
        <description>PHPExcel Library for Joomla! Do NOT UPGRADE if you are not sure you need this update. Please test
            before updating.
        </description>
        <element>phpexcel</element>
        <type>library</type>
        <folder></folder>
        <client>site</client>
        <version>1.8.0</version>
        <infourl title="PHPExcel for Joomla!">https://github.com/vdespa/PHPExcel-Joomla-Library</infourl>
        <downloads>
            <downloadurl type="full" format="zip">https://bitbucket.org/vdespa/phpexcel-joomla-library/downloads/PHPExcel-Joomla-Library-1.8.0.zip</downloadurl>
        </downloads>
        <maintainer>Valentin Despa</maintainer>
        <maintainerurl>http://www.vdespa.de</maintainerurl>
        <targetplatform name="joomla" version="3.3"/>
    </update>
</updates>
